Workbook
Name ListeMachines: Machines!$A$2:$A$45

Sheet Recherche
A1: Adéquation de levage — disponibilité des abaques
A2: Choisissez une machine dans la liste déroulante (cellule bleutée ci-dessous) : les informations s'affichent automatiquement.
A4: Machine | B4: Demag AC 100-4L
A6: Type | B6: =IFERROR(INDEX(Machines!$D$2:$D$45,MATCH($B$4,Machines!$A$2:$A$45,0)),"—")
A7: Abaque disponible | B7: =IFERROR(INDEX(Machines!$E$2:$E$45,MATCH($B$4,Machines!$A$2:$A$45,0)),"—")
A8: Nb de configurations | B8: =IFERROR(INDEX(Machines!$F$2:$F$45,MATCH($B$4,Machines!$A$2:$A$45,0)),"—")
A9: Statut | B9: =IFERROR(INDEX(Machines!$G$2:$G$45,MATCH($B$4,Machines!$A$2:$A$45,0)),"—")
A10: Source ou motif | B10: =IFERROR(INDEX(Machines!$H$2:$H$45,MATCH($B$4,Machines!$A$2:$A$45,0)),"—")
A11: Document nécessaire | B11: =IFERROR(INDEX(Machines!$I$2:$I$45,MATCH($B$4,Machines!$A$2:$A$45,0)),"—")
A13: Outil d'aide à la rédaction : l'abaque doit être vérifié sur la documentation de la machine réellement présente sur site, et validé par une personne compétente.
A14: Légende : Oui = abaque présent dans le catalogue ; Non = abaque manquant (voir « Document nécessaire »). Statut « À vérifier » = abaque saisi mais non encore relu contre la documentation constructeur.

Sheet Machines
A1: Machine | B1: Constructeur | C1: Modèle | D1: Type | E1: Abaque disponible | F1: Nb configurations | G1: Statut | H1: Source / motif | I1: Document nécessaire
A2: Demag AC 100-4L | B2: Demag | C2: AC 100-4L | D2: Grue mobile sur pneus | E2: Oui | F2: 1 | G2: À vérifier | H2: TEREX DEMAG AC 100-4L – Hauteurs et capacités de levage : Flèche principale (fiche FOSELEV, 100 tonnes) — Fiche loueur FOSELEV fournie par l'utilisateur | I2: —
A3: Demag AC 120-1 | B3: Demag | C3: AC 120-1 | D3: Grue mobile sur pneus | E3: Oui | F3: 1 | G3: À vérifier | H3: TEREX DEMAG AC 120-1 - 120 tonnes - Capacité de levage (fiche FOSELEV, « Cotation : TEREX DEMAG AC 120-1 ») — Fiche loueur FOSELEV fournie par l'utilisateur | I3: —
A4: Demag AC 200-1 | B4: Demag | C4: AC 200-1 | D4: Grue mobile sur pneus | E4: Oui | F4: 2 | G4: À vérifier | H4: TEREX DEMAG AC 200-1 - 200 tonnes - Capacité de levage (fiche FOSELEV, « Cotation : TEREX DEMAG AC 200-1 ») — Fiche loueur FOSELEV fournie par l'utilisateur | I4: —
A5: Demag AC 30 City | B5: Demag | C5: AC 30 City | D5: Grue mobile sur pneus | E5: Oui | F5: 1 | G5: À vérifier | H5: TEREX DEMAG AC 30 City 30 TONNES – Capacité de levage (fiche loueur FOSELEV) — Fiche loueur FOSELEV fournie par l'utilisateur | I5: —
A6: Demag AC 40-2L | B6: Demag | C6: AC 40-2L | D6: Grue mobile sur pneus | E6: Oui | F6: 1 | G6: À vérifier | H6: TEREX DEMAG AC 40-2L – Hauteurs et capacités de levage : Flèche principale (fiche FOSELEV, 35 tonnes) — Fiche loueur FOSELEV fournie par l'utilisateur | I6: —
A7: Demag AC 50-1 | B7: Demag | C7: AC 50-1 | D7: Grue mobile sur pneus | E7: Oui | F7: 1 | G7: À vérifier | H7: TEREX DEMAG AC 50-1 50 TONNES – Capacité de levage (fiche loueur FOSELEV) — Fiche loueur FOSELEV fournie par l'utilisateur | I7: —
A8: Demag AC 55-3 | B8: Demag | C8: AC 55-3 | D8: Grue mobile sur pneus | E8: Oui | F8: 1 | G8: À vérifier | H8: TEREX DEMAG AC 55-3 - Hauteurs et capacités de levage : Flèche principale (fiche FOSELEV, 55 tonnes) — Fiche loueur FOSELEV fournie par l'utilisateur | I8: —
A9: Demag AC 80-2 | B9: Demag | C9: AC 80-2 | D9: Grue mobile sur pneus | E9: Oui | F9: 1 | G9: À vérifier | H9: TEREX DEMAG AC 80-2 80 TONNES – Capacité de levage (fiche loueur FOSELEV) — Fiche loueur FOSELEV fournie par l'utilisateur | I9: —
A10: Galizia G100E | B10: Galizia | C10: G100E | D10: Grue mobile sur pneus | E10: Oui | F10: 1 | G10: À vérifier | H10: GALIZIA G100E – 12 TONNES – Cotation / Hauteurs et capacités de levage (fiche FOSELEV) — Fiche loueur FOSELEV fournie par l'utilisateur | I10: —
A11: Grove GMK 3050-1 | B11: Grove | C11: GMK 3050-1 | D11: Grue mobile sur pneus | E11: Oui | F11: 1 | G11: À vérifier | H11: GROVE GMK 3050-1 — Hauteurs et capacités de levage : Flèche principale (fiche FOSELEV, 3 pages) — Fiche loueur FOSELEV fournie par l'utilisateur | I11: —
A12: Grove GMK 5130-2 | B12: Grove | C12: GMK 5130-2 | D12: Grue mobile sur pneus | E12: Oui | F12: 1 | G12: À vérifier | H12: GROVE GMK 5130-2 — Hauteurs et capacités de levage : Flèche principale (fiche FOSELEV, 5 pages) — Fiche loueur FOSELEV fournie par l'utilisateur | I12: —
A13: Grove GMK 5200 | B13: Grove | C13: GMK 5200 | D13: Grue mobile sur pneus | E13: Oui | F13: 2 | G13: À vérifier | H13: GROVE GMK 5200 — 200 tonnes : Cotation, Capacité de levage, Flèche principale, Extension treillis (fiche FOSELEV, 5 pages, pages catalogue 124-128) — Fiche loueur FOSELEV fournie par l'utilisateur | I13: —
... A45: Caterpillar M323F | B45: Caterpillar | C45: M323F | D45: Pelle rail-route | E45: Oui | F45: 2 | G45: À vérifier | H45: M323F — Pelle excavatrice à roues pour chemin de fer — Caractéristiques techniques — Document constructeur fourni par l'utilisateur | I45: —

Sheet Synthèse
A1: Synthèse des abaques par type de machine
A3: Type | B3: Total | C3: Avec abaque | D3: Sans abaque
A4: Grue mobile sur pneus | B4: =COUNTIFS(Machines!$D$2:$D$45,$A4) | C4: =COUNTIFS(Machines!$D$2:$D$45,$A4,Machines!$E$2:$E$45,"Oui") | D4: =COUNTIFS(Machines!$D$2:$D$45,$A4,Machines!$E$2:$E$45,"Non")
A5: Grue mobile sur chenilles | B5: =COUNTIFS(Machines!$D$2:$D$45,$A5) | C5: =COUNTIFS(Machines!$D$2:$D$45,$A5,Machines!$E$2:$E$45,"Oui") | D5: =COUNTIFS(Machines!$D$2:$D$45,$A5,Machines!$E$2:$E$45,"Non")
A6: Grue à tour | B6: =COUNTIFS(Machines!$D$2:$D$45,$A6) | C6: =COUNTIFS(Machines!$D$2:$D$45,$A6,Machines!$E$2:$E$45,"Oui") | D6: =COUNTIFS(Machines!$D$2:$D$45,$A6,Machines!$E$2:$E$45,"Non")
A7: Chariot télescopique fixe | B7: =COUNTIFS(Machines!$D$2:$D$45,$A7) | C7: =COUNTIFS(Machines!$D$2:$D$45,$A7,Machines!$E$2:$E$45,"Oui") | D7: =COUNTIFS(Machines!$D$2:$D$45,$A7,Machines!$E$2:$E$45,"Non")
A8: Chariot télescopique rotatif | B8: =COUNTIFS(Machines!$D$2:$D$45,$A8) | C8: =COUNTIFS(Machines!$D$2:$D$45,$A8,Machines!$E$2:$E$45,"Oui") | D8: =COUNTIFS(Machines!$D$2:$D$45,$A8,Machines!$E$2:$E$45,"Non")
A9: Pelle sur pneus | B9: =COUNTIFS(Machines!$D$2:$D$45,$A9) | C9: =COUNTIFS(Machines!$D$2:$D$45,$A9,Machines!$E$2:$E$45,"Oui") | D9: =COUNTIFS(Machines!$D$2:$D$45,$A9,Machines!$E$2:$E$45,"Non")
A10: Pelle sur chenilles | B10: =COUNTIFS(Machines!$D$2:$D$45,$A10) | C10: =COUNTIFS(Machines!$D$2:$D$45,$A10,Machines!$E$2:$E$45,"Oui") | D10: =COUNTIFS(Machines!$D$2:$D$45,$A10,Machines!$E$2:$E$45,"Non")
A11: Pelle rail-route | B11: =COUNTIFS(Machines!$D$2:$D$45,$A11) | C11: =COUNTIFS(Machines!$D$2:$D$45,$A11,Machines!$E$2:$E$45,"Oui") | D11: =COUNTIFS(Machines!$D$2:$D$45,$A11,Machines!$E$2:$E$45,"Non")
A12: Total | B12: =SUM(B4:B11) | C12: =SUM(C4:C11) | D12: =SUM(D4:D11)
A14: Machines sans abaque
A15: Machine | B15: Type
A16: JMG MC 160 | B16: Grue mobile sur pneus
A17: Liebherr LTM 1090-4.2 | B17: Grue mobile sur pneus
A18: Shuttlelift 5550 RT | B18: Grue mobile sur pneus
A19: Liebherr LR 1200 | B19: Grue mobile sur chenilles
A20: Terex TCC 45 | B20: Grue mobile sur chenilles
A21: Manitou MT 1440 | B21: Chariot télescopique fixe
A22: Merlo P40.17 | B22: Chariot télescopique fixe
A23: Manitou MRT 2550 (Privilège+) | B23: Chariot télescopique rotatif
A24: Caterpillar M318 (Next Gen) | B24: Pelle sur pneus
A26: Liste des manquants figée à la génération (npm run machines:xlsx) ; les comptages ci-dessus sont des formules.
